476.6,25,1,47.66 , 173.368
476.6,25,2,47.66 , 165.324
476.6,25,3,47.66 , 156.251
476.6,25,4,47.66 , 147.868
476.6,25,5,47.66 , 139.726
476.6,25,6,47.66 , 131.977
476.6,25,7,47.66 , 124.92
476.6,25,8,47.66 , 117.601
476.6,25,9,47.66 , 110.58
476.6,25,10,47.66 , 106.049
476.6,25,11,47.66 , 110.367
476.6,25,12,47.66 , 113.523
476.6,25,13,47.66 , 114.993
476.6,25,14,47.66 , 115.484
476.6,25,15,47.66 , 115.39
476.6,25,16,47.66 , 114.709
476.6,25,17,47.66 , 114.164
476.6,25,18,47.66 , 112.634
476.6,25,19,47.66 , 111.634
476.6,25,20,47.66 , 111.129
476.6,25,21,47.66 , 112.095
476.6,25,22,47.66 , 112.786
476.6,25,23,47.66 , 113.188
476.6,25,24,47.66 , 113.283
476.6,25,25,47.66 , 113.283
476.6,25,26,47.66 , 113.055
476.6,25,27,47.66 , 112.483
476.6,25,28,47.66 , 112.483
476.6,25,29,47.66 , 111.543
476.6,25,30,47.66 , 112.209
476.6,25,31,47.66 , 112.209
476.6,25,32,47.66 , 112.693
476.6,25,33,47.66 , 112.693
476.6,25,34,47.66 , 112.693
476.6,25,35,47.66 , 112.594
476.6,25,36,47.66 , 112.594
476.6,25,37,47.66 , 111.854
476.6,25,38,47.66 , 111.854
476.6,25,39,47.66 , 111.854
476.6,25,40,47.66 , 112.425
476.6,25,41,47.66 , 112.425
476.6,25,42,47.66 , 112.425
476.6,25,43,47.66 , 112.425
476.6,25,44,47.66 , 112.317
476.6,25,45,47.66 , 112.317
476.6,25,46,47.66 , 112.317
476.6,25,47,47.66 , 112.317
476.6,25,48,47.66 , 112.307
476.6,25,49,47.66 , 112.307
476.6,25,50,47.66 , 112.307
476.6,25,51,47.66 , 112.307
476.6,25,52,47.66 , 112.307
476.6,25,53,47.66 , 112.051
476.6,25,54,47.66 , 112.051
476.6,25,55,47.66 , 112.051
476.6,25,56,47.66 , 112.051
476.6,25,57,47.66 , 112.051
476.6,25,58,47.66 , 112.051
476.6,25,59,47.66 , 112.051
476.6,25,60,47.66 , 112.209
476.6,25,61,47.66 , 112.209
476.6,25,62,47.66 , 112.209
476.6,25,63,47.66 , 112.209
476.6,25,64,47.66 , 112.209
476.6,25,65,47.66 , 112.209
476.6,25,66,47.66 , 112.209
476.6,25,67,47.66 , 112.209
476.6,25,68,47.66 , 112.209
476.6,25,69,47.66 , 112.111
476.6,25,70,47.66 , 112.111
476.6,25,71,47.66 , 112.111
476.6,25,72,47.66 , 112.111
476.6,25,73,47.66 , 112.111
476.6,25,74,47.66 , 112.111
476.6,25,75,47.66 , 112.111
476.6,25,76,47.66 , 112.111
476.6,25,77,47.66 , 112.111
476.6,25,78,47.66 , 112.111
476.6,25,79,47.66 , 112.111
476.6,25,80,47.66 , 112.233
476.6,25,81,47.66 , 112.233
476.6,25,82,47.66 , 112.233
476.6,25,83,47.66 , 112.233
476.6,25,84,47.66 , 112.233
476.6,25,85,47.66 , 112.233
476.6,25,86,47.66 , 112.233
476.6,25,87,47.66 , 112.233
476.6,25,88,47.66 , 112.233
476.6,25,89,47.66 , 112.233
476.6,25,90,47.66 , 112.233
476.6,25,91,47.66 , 112.233
476.6,25,92,47.66 , 112.233
476.6,25,93,47.66 , 112.233
476.6,25,94,47.66 , 112.233
476.6,25,95,47.66 , 112.233
476.6,25,96,47.66 , 112.148
476.6,25,97,47.66 , 112.148
476.6,25,98,47.66 , 112.148
476.6,25,99,47.66 , 112.148
476.6,25,100,47.66 , 112.148
476.6,25,101,47.66 , 112.148
476.6,25,102,47.66 , 112.148
476.6,25,103,47.66 , 112.148
476.6,25,104,47.66 , 112.148
476.6,25,105,47.66 , 112.148
476.6,25,106,47.66 , 112.148
476.6,25,107,47.66 , 112.148
476.6,25,108,47.66 , 112.148
476.6,25,109,47.66 , 112.148
476.6,25,110,47.66 , 112.148
476.6,25,111,47.66 , 112.148
476.6,25,112,47.66 , 112.148
476.6,25,113,47.66 , 112.148
476.6,25,114,47.66 , 112.148
476.6,25,115,47.66 , 112.148
476.6,25,116,47.66 , 112.148
476.6,25,117,47.66 , 112.148
476.6,25,118,47.66 , 112.148
476.6,25,119,47.66 , 112.148
476.6,25,120,47.66 , 112.158
476.6,25,121,47.66 , 112.158
476.6,25,122,47.66 , 112.158
476.6,25,123,47.66 , 112.158
476.6,25,124,47.66 , 112.158
476.6,25,125,47.66 , 112.158
476.6,25,126,47.66 , 112.158
476.6,25,127,47.66 , 112.158
476.6,25,128,47.66 , 112.158
476.6,25,129,47.66 , 112.158
476.6,25,130,47.66 , 112.158
476.6,25,131,47.66 , 112.158
476.6,25,132,47.66 , 112.158
476.6,25,133,47.66 , 112.158
476.6,25,134,47.66 , 112.158
476.6,25,135,47.66 , 112.158
476.6,25,136,47.66 , 112.158
476.6,25,137,47.66 , 112.158
476.6,25,138,47.66 , 112.158
476.6,25,139,47.66 , 112.158
476.6,25,140,47.66 , 112.158
476.6,25,141,47.66 , 112.158
476.6,25,142,47.66 , 112.158
476.6,25,143,47.66 , 112.158
476.6,25,144,47.66 , 112.158
476.6,25,145,47.66 , 112.158
476.6,25,146,47.66 , 112.158
476.6,25,147,47.66 , 112.158
476.6,25,148,47.66 , 112.158
476.6,25,149,47.66 , 112.158
476.6,25,150,47.66 , 112.158
476.6,25,151,47.66 , 112.158
476.6,25,152,47.66 , 112.158
476.6,25,153,47.66 , 112.158
476.6,25,154,47.66 , 112.158
476.6,25,155,47.66 , 112.158
476.6,25,156,47.66 , 112.158
476.6,25,157,47.66 , 112.158
476.6,25,158,47.66 , 112.158
476.6,25,159,47.66 , 112.162
476.6,25,160,47.66 , 112.162
476.6,25,161,47.66 , 112.162
476.6,25,162,47.66 , 112.162
476.6,25,163,47.66 , 112.162
476.6,25,164,47.66 , 112.162
476.6,25,165,47.66 , 112.162
476.6,25,166,47.66 , 112.162
476.6,25,167,47.66 , 112.162
476.6,25,168,47.66 , 112.162
476.6,25,169,47.66 , 112.162
476.6,25,170,47.66 , 112.162
476.6,25,171,47.66 , 112.162
476.6,25,172,47.66 , 112.162
476.6,25,173,47.66 , 112.162
476.6,25,174,47.66 , 112.162
476.6,25,175,47.66 , 112.162
476.6,25,176,47.66 , 112.162
476.6,25,177,47.66 , 112.162
476.6,25,178,47.66 , 112.162
476.6,25,179,47.66 , 112.162
476.6,25,180,47.66 , 112.162
476.6,25,181,47.66 , 112.162
476.6,25,182,47.66 , 112.162
476.6,25,183,47.66 , 112.162
476.6,25,184,47.66 , 112.162
476.6,25,185,47.66 , 112.162
476.6,25,186,47.66 , 112.162
476.6,25,187,47.66 , 112.162
476.6,25,188,47.66 , 112.162
476.6,25,189,47.66 , 112.162
476.6,25,190,47.66 , 112.162
476.6,25,191,47.66 , 112.162
476.6,25,192,47.66 , 112.162
476.6,25,193,47.66 , 112.162
476.6,25,194,47.66 , 112.162
476.6,25,195,47.66 , 112.162
476.6,25,196,47.66 , 112.162
476.6,25,197,47.66 , 112.162
476.6,25,198,47.66 , 112.162
476.6,25,199,47.66 , 112.162
476.6,25,200,47.66 , 112.162
476.6,25,201,47.66 , 112.162
476.6,25,202,47.66 , 112.162
476.6,25,203,47.66 , 112.162
476.6,25,204,47.66 , 112.162
476.6,25,205,47.66 , 112.162
476.6,25,206,47.66 , 112.162
476.6,25,207,47.66 , 112.162
476.6,25,208,47.66 , 112.162
476.6,25,209,47.66 , 112.162
476.6,25,210,47.66 , 112.162
476.6,25,211,47.66 , 112.162
476.6,25,212,47.66 , 112.162
476.6,25,213,47.66 , 112.162
476.6,25,214,47.66 , 112.162
476.6,25,215,47.66 , 112.162
476.6,25,216,47.66 , 112.162
476.6,25,217,47.66 , 112.162
476.6,25,218,47.66 , 112.162
476.6,25,219,47.66 , 112.162
476.6,25,220,47.66 , 112.162
476.6,25,221,47.66 , 112.162
476.6,25,222,47.66 , 112.162
476.6,25,223,47.66 , 112.162
476.6,25,224,47.66 , 112.162
476.6,25,225,47.66 , 112.162
476.6,25,226,47.66 , 112.162
476.6,25,227,47.66 , 112.162
476.6,25,228,47.66 , 112.162
476.6,25,229,47.66 , 112.162
476.6,25,230,47.66 , 112.162
476.6,25,231,47.66 , 112.162
476.6,25,232,47.66 , 112.162
476.6,25,233,47.66 , 112.162
476.6,25,234,47.66 , 112.162
476.6,25,235,47.66 , 112.162
476.6,25,236,47.66 , 112.162
476.6,25,237,47.66 , 112.162
476.6,25,238,47.66 , 112.162
476.6,25,239,47.66 , 112.168
476.6,25,240,47.66 , 112.168
476.6,25,241,47.66 , 112.168
476.6,25,242,47.66 , 112.168
476.6,25,243,47.66 , 112.168
476.6,25,244,47.66 , 112.168
476.6,25,245,47.66 , 112.168
476.6,25,246,47.66 , 112.168
476.6,25,247,47.66 , 112.168
476.6,25,248,47.66 , 112.168
476.6,25,249,47.66 , 112.168
476.6,25,250,47.66 , 112.168
476.6,25,251,47.66 , 112.168
476.6,25,252,47.66 , 112.168
476.6,25,253,47.66 , 112.168
476.6,25,254,47.66 , 112.168
476.6,25,255,47.66 , 112.168
476.6,25,256,47.66 , 112.168
476.6,25,257,47.66 , 112.168
476.6,25,258,47.66 , 112.168
476.6,25,259,47.66 , 112.168
476.6,25,260,47.66 , 112.168
476.6,25,261,47.66 , 112.168
476.6,25,262,47.66 , 112.168
476.6,25,263,47.66 , 112.168
476.6,25,264,47.66 , 112.168
476.6,25,265,47.66 , 112.168
476.6,25,266,47.66 , 112.168
476.6,25,267,47.66 , 112.168
476.6,25,268,47.66 , 112.168
476.6,25,269,47.66 , 112.168
476.6,25,270,47.66 , 112.168
476.6,25,271,47.66 , 112.168
476.6,25,272,47.66 , 112.168
476.6,25,273,47.66 , 112.168
476.6,25,274,47.66 , 112.168
476.6,25,275,47.66 , 112.168
476.6,25,276,47.66 , 112.168
476.6,25,277,47.66 , 112.168
476.6,25,278,47.66 , 112.168
476.6,25,279,47.66 , 112.168
476.6,25,280,47.66 , 112.168
476.6,25,281,47.66 , 112.168
476.6,25,282,47.66 , 112.168
476.6,25,283,47.66 , 112.168
476.6,25,284,47.66 , 112.168
476.6,25,285,47.66 , 112.168
476.6,25,286,47.66 , 112.168
476.6,25,287,47.66 , 112.168
476.6,25,288,47.66 , 112.168
476.6,25,289,47.66 , 112.168
476.6,25,290,47.66 , 112.168
476.6,25,291,47.66 , 112.168
476.6,25,292,47.66 , 112.168
476.6,25,293,47.66 , 112.168
476.6,25,294,47.66 , 112.168
476.6,25,295,47.66 , 112.168
476.6,25,296,47.66 , 112.168
476.6,25,297,47.66 , 112.168
476.6,25,298,47.66 , 112.168
476.6,25,299,47.66 , 112.168
476.6,25,300,47.66 , 112.168
476.6,25,301,47.66 , 112.168
476.6,25,302,47.66 , 112.168
476.6,25,303,47.66 , 112.168
476.6,25,304,47.66 , 112.168
476.6,25,305,47.66 , 112.168
476.6,25,306,47.66 , 112.168
476.6,25,307,47.66 , 112.168
476.6,25,308,47.66 , 112.168
476.6,25,309,47.66 , 112.168
476.6,25,310,47.66 , 112.168
476.6,25,311,47.66 , 112.168
476.6,25,312,47.66 , 112.168
476.6,25,313,47.66 , 112.168
476.6,25,314,47.66 , 112.168
476.6,25,315,47.66 , 112.168
476.6,25,316,47.66 , 112.168
476.6,25,317,47.66 , 112.168
476.6,25,318,47.66 , 112.168
476.6,25,319,47.66 , 112.168
476.6,25,320,47.66 , 112.168
476.6,25,321,47.66 , 112.168
476.6,25,322,47.66 , 112.168
476.6,25,323,47.66 , 112.168
476.6,25,324,47.66 , 112.168
476.6,25,325,47.66 , 112.168
476.6,25,326,47.66 , 112.168
476.6,25,327,47.66 , 112.168
476.6,25,328,47.66 , 112.168
476.6,25,329,47.66 , 112.168
476.6,25,330,47.66 , 112.168
476.6,25,331,47.66 , 112.168
476.6,25,332,47.66 , 112.168
476.6,25,333,47.66 , 112.168
476.6,25,334,47.66 , 112.168
476.6,25,335,47.66 , 112.168
476.6,25,336,47.66 , 112.168
476.6,25,337,47.66 , 112.168
476.6,25,338,47.66 , 112.168
476.6,25,339,47.66 , 112.168
476.6,25,340,47.66 , 112.168
476.6,25,341,47.66 , 112.168
476.6,25,342,47.66 , 112.168
476.6,25,343,47.66 , 112.168
476.6,25,344,47.66 , 112.168
476.6,25,345,47.66 , 112.168
476.6,25,346,47.66 , 112.168
476.6,25,347,47.66 , 112.168
476.6,25,348,47.66 , 112.168
476.6,25,349,47.66 , 112.168
476.6,25,350,47.66 , 112.168
476.6,25,351,47.66 , 112.168
476.6,25,352,47.66 , 112.168
476.6,25,353,47.66 , 112.168
476.6,25,354,47.66 , 112.168
476.6,25,355,47.66 , 112.168
476.6,25,356,47.66 , 112.168
476.6,25,357,47.66 , 112.168
476.6,25,358,47.66 , 112.168
476.6,25,359,47.66 , 112.168
476.6,25,360,47.66 , 112.168
476.6,25,361,47.66 , 112.168
476.6,25,362,47.66 , 112.168
476.6,25,363,47.66 , 112.168
476.6,25,364,47.66 , 112.168
476.6,25,365,47.66 , 112.168
476.6,25,366,47.66 , 112.168
476.6,25,367,47.66 , 112.168
476.6,25,368,47.66 , 112.168
476.6,25,369,47.66 , 112.168
476.6,25,370,47.66 , 112.168
476.6,25,371,47.66 , 112.168
476.6,25,372,47.66 , 112.168
476.6,25,373,47.66 , 112.168
476.6,25,374,47.66 , 112.168
476.6,25,375,47.66 , 112.168
476.6,25,376,47.66 , 112.168
476.6,25,377,47.66 , 112.168
476.6,25,378,47.66 , 112.168
476.6,25,379,47.66 , 112.168
476.6,25,380,47.66 , 112.168
476.6,25,381,47.66 , 112.168
476.6,25,382,47.66 , 112.168
476.6,25,383,47.66 , 112.168
476.6,25,384,47.66 , 112.168
476.6,25,385,47.66 , 112.168
476.6,25,386,47.66 , 112.168
476.6,25,387,47.66 , 112.168
476.6,25,388,47.66 , 112.168
476.6,25,389,47.66 , 112.168
476.6,25,390,47.66 , 112.168
476.6,25,391,47.66 , 112.168
476.6,25,392,47.66 , 112.168
476.6,25,393,47.66 , 112.168
476.6,25,394,47.66 , 112.168
476.6,25,395,47.66 , 112.168
476.6,25,396,47.66 , 112.168
476.6,25,397,47.66 , 112.168
476.6,25,398,47.66 , 112.168
476.6,25,399,47.66 , 112.168
476.6,25,400,47.66 , 112.168
476.6,25,401,47.66 , 112.168
476.6,25,402,47.66 , 112.168
476.6,25,403,47.66 , 112.168
476.6,25,404,47.66 , 112.168
476.6,25,405,47.66 , 112.168
476.6,25,406,47.66 , 112.168
476.6,25,407,47.66 , 112.168
476.6,25,408,47.66 , 112.168
476.6,25,409,47.66 , 112.168
476.6,25,410,47.66 , 112.168
476.6,25,411,47.66 , 112.168
476.6,25,412,47.66 , 112.168
476.6,25,413,47.66 , 112.168
476.6,25,414,47.66 , 112.168
476.6,25,415,47.66 , 112.168
476.6,25,416,47.66 , 112.168
476.6,25,417,47.66 , 112.168
476.6,25,418,47.66 , 112.168
476.6,25,419,47.66 , 112.168
476.6,25,420,47.66 , 112.168
476.6,25,421,47.66 , 112.168
476.6,25,422,47.66 , 112.168
476.6,25,423,47.66 , 112.168
476.6,25,424,47.66 , 112.168
476.6,25,425,47.66 , 112.168
476.6,25,426,47.66 , 112.168
476.6,25,427,47.66 , 112.168
476.6,25,428,47.66 , 112.168
476.6,25,429,47.66 , 112.168
476.6,25,430,47.66 , 112.168
476.6,25,431,47.66 , 112.168
476.6,25,432,47.66 , 112.168
476.6,25,433,47.66 , 112.168
476.6,25,434,47.66 , 112.168
476.6,25,435,47.66 , 112.168
476.6,25,436,47.66 , 112.168
476.6,25,437,47.66 , 112.168
476.6,25,438,47.66 , 112.168
476.6,25,439,47.66 , 112.168
476.6,25,440,47.66 , 112.168
476.6,25,441,47.66 , 112.168
476.6,25,442,47.66 , 112.168
476.6,25,443,47.66 , 112.168
476.6,25,444,47.66 , 112.168
476.6,25,445,47.66 , 112.168
476.6,25,446,47.66 , 112.168
476.6,25,447,47.66 , 112.168
476.6,25,448,47.66 , 112.168
476.6,25,449,47.66 , 112.168
476.6,25,450,47.66 , 112.168
476.6,25,451,47.66 , 112.168
476.6,25,452,47.66 , 112.168
476.6,25,453,47.66 , 112.168
476.6,25,454,47.66 , 112.168
476.6,25,455,47.66 , 112.168
476.6,25,456,47.66 , 112.168
476.6,25,457,47.66 , 112.168
476.6,25,458,47.66 , 112.168
476.6,25,459,47.66 , 112.168
476.6,25,460,47.66 , 112.168
476.6,25,461,47.66 , 112.168
476.6,25,462,47.66 , 112.168
476.6,25,463,47.66 , 112.168
476.6,25,464,47.66 , 112.168
476.6,25,465,47.66 , 112.168
476.6,25,466,47.66 , 112.168
476.6,25,467,47.66 , 112.168
476.6,25,468,47.66 , 112.168
476.6,25,469,47.66 , 112.168
476.6,25,470,47.66 , 112.168
476.6,25,471,47.66 , 112.168
476.6,25,472,47.66 , 112.168
476.6,25,473,47.66 , 112.168
476.6,25,474,47.66 , 112.168
476.6,25,475,47.66 , 112.168
476.6,25,476,47.66 , 112.168
476.6,25,477,47.66 , -1
476.6,25,478,47.66 , -1
476.6,25,479,47.66 , -1
476.6,25,480,47.66 , -1
476.6,25,481,47.66 , -1
476.6,25,482,47.66 , -1
476.6,25,483,47.66 , -1
476.6,25,484,47.66 , -1
476.6,25,485,47.66 , -1
476.6,25,486,47.66 , -1
476.6,25,487,47.66 , -1
476.6,25,488,47.66 , -1
476.6,25,489,47.66 , -1
476.6,25,490,47.66 , -1
476.6,25,491,47.66 , -1
476.6,25,492,47.66 , -1
476.6,25,493,47.66 , -1
476.6,25,494,47.66 , -1
476.6,25,495,47.66 , -1
476.6,25,496,47.66 , -1
476.6,25,497,47.66 , -1
476.6,25,498,47.66 , -1
476.6,25,499,47.66 , -1
476.6,25,500,47.66 , -1
476.6,25,501,47.66 , -1
476.6,25,502,47.66 , -1
476.6,25,503,47.66 , -1
476.6,25,504,47.66 , -1
476.6,25,505,47.66 , -1
476.6,25,506,47.66 , -1
476.6,25,507,47.66 , -1
476.6,25,508,47.66 , -1
476.6,25,509,47.66 , -1
476.6,25,510,47.66 , -1
476.6,25,511,47.66 , -1
476.6,25,512,47.66 , -1
476.6,25,513,47.66 , -1
476.6,25,514,47.66 , -1
476.6,25,515,47.66 , -1
476.6,25,516,47.66 , -1
476.6,25,517,47.66 , -1
476.6,25,518,47.66 , -1
476.6,25,519,47.66 , -1
476.6,25,520,47.66 , -1
476.6,25,521,47.66 , -1
476.6,25,522,47.66 , -1
476.6,25,523,47.66 , -1
476.6,25,524,47.66 , -1
476.6,25,525,47.66 , -1
476.6,25,526,47.66 , -1
476.6,25,527,47.66 , -1
476.6,25,528,47.66 , -1
476.6,25,529,47.66 , -1
476.6,25,530,47.66 , -1
476.6,25,531,47.66 , -1
476.6,25,532,47.66 , -1
476.6,25,533,47.66 , -1
476.6,25,534,47.66 , -1
476.6,25,535,47.66 , -1
476.6,25,536,47.66 , -1
476.6,25,537,47.66 , -1
476.6,25,538,47.66 , -1
476.6,25,539,47.66 , -1
476.6,25,540,47.66 , -1
476.6,25,541,47.66 , -1
476.6,25,542,47.66 , -1
476.6,25,543,47.66 , -1
476.6,25,544,47.66 , -1
476.6,25,545,47.66 , -1
476.6,25,546,47.66 , -1
476.6,25,547,47.66 , -1
476.6,25,548,47.66 , -1
476.6,25,549,47.66 , -1
476.6,25,550,47.66 , -1
476.6,25,551,47.66 , -1
476.6,25,552,47.66 , -1
476.6,25,553,47.66 , -1
476.6,25,554,47.66 , -1
476.6,25,555,47.66 , -1
476.6,25,556,47.66 , -1
476.6,25,557,47.66 , -1
476.6,25,558,47.66 , -1
476.6,25,559,47.66 , -1
476.6,25,560,47.66 , -1
476.6,25,561,47.66 , -1
476.6,25,562,47.66 , -1
476.6,25,563,47.66 , -1
476.6,25,564,47.66 , -1
476.6,25,565,47.66 , -1
476.6,25,566,47.66 , -1
476.6,25,567,47.66 , -1
476.6,25,568,47.66 , -1
476.6,25,569,47.66 , -1
476.6,25,570,47.66 , -1
476.6,25,571,47.66 , -1
476.6,25,572,47.66 , -1
476.6,25,573,47.66 , -1
476.6,25,574,47.66 , -1
476.6,25,575,47.66 , -1
476.6,25,576,47.66 , -1
476.6,25,577,47.66 , -1
476.6,25,578,47.66 , -1
476.6,25,579,47.66 , -1
476.6,25,580,47.66 , -1
476.6,25,581,47.66 , -1
476.6,25,582,47.66 , -1
476.6,25,583,47.66 , -1
476.6,25,584,47.66 , -1
476.6,25,585,47.66 , -1
476.6,25,586,47.66 , -1
476.6,25,587,47.66 , -1
476.6,25,588,47.66 , -1
476.6,25,589,47.66 , -1
476.6,25,590,47.66 , -1
476.6,25,591,47.66 , -1
476.6,25,592,47.66 , -1
476.6,25,593,47.66 , -1
476.6,25,594,47.66 , -1
476.6,25,595,47.66 , -1
476.6,25,596,47.66 , -1
476.6,25,597,47.66 , -1
476.6,25,598,47.66 , -1
476.6,25,599,47.66 , -1
476.6,25,600,47.66 , -1
476.6,25,601,47.66 , -1
476.6,25,602,47.66 , -1
476.6,25,603,47.66 , -1
476.6,25,604,47.66 , -1
476.6,25,605,47.66 , -1
476.6,25,606,47.66 , -1
476.6,25,607,47.66 , -1
476.6,25,608,47.66 , -1
476.6,25,609,47.66 , -1
476.6,25,610,47.66 , -1
476.6,25,611,47.66 , -1
476.6,25,612,47.66 , -1
476.6,25,613,47.66 , -1
476.6,25,614,47.66 , -1
476.6,25,615,47.66 , -1
476.6,25,616,47.66 , -1
476.6,25,617,47.66 , -1
476.6,25,618,47.66 , -1
476.6,25,619,47.66 , -1
476.6,25,620,47.66 , -1
476.6,25,621,47.66 , -1
476.6,25,622,47.66 , -1
476.6,25,623,47.66 , -1
476.6,25,624,47.66 , -1
476.6,25,625,47.66 , -1
476.6,25,626,47.66 , -1
476.6,25,627,47.66 , -1
476.6,25,628,47.66 , -1
476.6,25,629,47.66 , -1
476.6,25,630,47.66 , -1
476.6,25,631,47.66 , -1
476.6,25,632,47.66 , -1
476.6,25,633,47.66 , -1
476.6,25,634,47.66 , -1
476.6,25,635,47.66 , -1
476.6,25,636,47.66 , -1
476.6,25,637,47.66 , -1
476.6,25,638,47.66 , -1
476.6,25,639,47.66 , -1
476.6,25,640,47.66 , -1
476.6,25,641,47.66 , -1
476.6,25,642,47.66 , -1
476.6,25,643,47.66 , -1
476.6,25,644,47.66 , -1
476.6,25,645,47.66 , -1
476.6,25,646,47.66 , -1
476.6,25,647,47.66 , -1
476.6,25,648,47.66 , -1
476.6,25,649,47.66 , -1
476.6,25,650,47.66 , -1
476.6,25,651,47.66 , -1
476.6,25,652,47.66 , -1
476.6,25,653,47.66 , -1
476.6,25,654,47.66 , -1
476.6,25,655,47.66 , -1
476.6,25,656,47.66 , -1
476.6,25,657,47.66 , -1
476.6,25,658,47.66 , -1
476.6,25,659,47.66 , -1
476.6,25,660,47.66 , -1
476.6,25,661,47.66 , -1
476.6,25,662,47.66 , -1
476.6,25,663,47.66 , -1
476.6,25,664,47.66 , -1
476.6,25,665,47.66 , -1
476.6,25,666,47.66 , -1
476.6,25,667,47.66 , -1
476.6,25,668,47.66 , -1
476.6,25,669,47.66 , -1
476.6,25,670,47.66 , -1
476.6,25,671,47.66 , -1
476.6,25,672,47.66 , -1
476.6,25,673,47.66 , -1
476.6,25,674,47.66 , -1
476.6,25,675,47.66 , -1
476.6,25,676,47.66 , -1
476.6,25,677,47.66 , -1
476.6,25,678,47.66 , -1
476.6,25,679,47.66 , -1
476.6,25,680,47.66 , -1
476.6,25,681,47.66 , -1
476.6,25,682,47.66 , -1
476.6,25,683,47.66 , -1
476.6,25,684,47.66 , -1
476.6,25,685,47.66 , -1
476.6,25,686,47.66 , -1
476.6,25,687,47.66 , -1
476.6,25,688,47.66 , -1
476.6,25,689,47.66 , -1
476.6,25,690,47.66 , -1
476.6,25,691,47.66 , -1
476.6,25,692,47.66 , -1
476.6,25,693,47.66 , -1
476.6,25,694,47.66 , -1
476.6,25,695,47.66 , -1
476.6,25,696,47.66 , -1
476.6,25,697,47.66 , -1
476.6,25,698,47.66 , -1
476.6,25,699,47.66 , -1
476.6,25,700,47.66 , -1
476.6,25,701,47.66 , -1
476.6,25,702,47.66 , -1
476.6,25,703,47.66 , -1
476.6,25,704,47.66 , -1
476.6,25,705,47.66 , -1
476.6,25,706,47.66 , -1
476.6,25,707,47.66 , -1
476.6,25,708,47.66 , -1
476.6,25,709,47.66 , -1
476.6,25,710,47.66 , -1
476.6,25,711,47.66 , -1
476.6,25,712,47.66 , -1
476.6,25,713,47.66 , -1
476.6,25,714,47.66 , -1
476.6,25,715,47.66 , -1
476.6,25,716,47.66 , -1
476.6,25,717,47.66 , -1
476.6,25,718,47.66 , -1
476.6,25,719,47.66 , -1
476.6,25,720,47.66 , -1
476.6,25,721,47.66 , -1
476.6,25,722,47.66 , -1
476.6,25,723,47.66 , -1
476.6,25,724,47.66 , -1
476.6,25,725,47.66 , -1
476.6,25,726,47.66 , -1
476.6,25,727,47.66 , -1
476.6,25,728,47.66 , -1
476.6,25,729,47.66 , -1
476.6,25,730,47.66 , -1
476.6,25,731,47.66 , -1
476.6,25,732,47.66 , -1
476.6,25,733,47.66 , -1
476.6,25,734,47.66 , -1
476.6,25,735,47.66 , -1
476.6,25,736,47.66 , -1
476.6,25,737,47.66 , -1
476.6,25,738,47.66 , -1
476.6,25,739,47.66 , -1
476.6,25,740,47.66 , -1
476.6,25,741,47.66 , -1
476.6,25,742,47.66 , -1
476.6,25,743,47.66 , -1
476.6,25,744,47.66 , -1
476.6,25,745,47.66 , -1
476.6,25,746,47.66 , -1
476.6,25,747,47.66 , -1
476.6,25,748,47.66 , -1
476.6,25,749,47.66 , -1
476.6,25,750,47.66 , -1
476.6,25,751,47.66 , -1
476.6,25,752,47.66 , -1
476.6,25,753,47.66 , -1
476.6,25,754,47.66 , -1
476.6,25,755,47.66 , -1
476.6,25,756,47.66 , -1
476.6,25,757,47.66 , -1
476.6,25,758,47.66 , -1
476.6,25,759,47.66 , -1
476.6,25,760,47.66 , -1
476.6,25,761,47.66 , -1
476.6,25,762,47.66 , -1
476.6,25,763,47.66 , -1
476.6,25,764,47.66 , -1
476.6,25,765,47.66 , -1
476.6,25,766,47.66 , -1
476.6,25,767,47.66 , -1
476.6,25,768,47.66 , -1
476.6,25,769,47.66 , -1
476.6,25,770,47.66 , -1
476.6,25,771,47.66 , -1
476.6,25,772,47.66 , -1
476.6,25,773,47.66 , -1
476.6,25,774,47.66 , -1
476.6,25,775,47.66 , -1
476.6,25,776,47.66 , -1
476.6,25,777,47.66 , -1
476.6,25,778,47.66 , -1
476.6,25,779,47.66 , -1
476.6,25,780,47.66 , -1
476.6,25,781,47.66 , -1
476.6,25,782,47.66 , -1
476.6,25,783,47.66 , -1
476.6,25,784,47.66 , -1
476.6,25,785,47.66 , -1
476.6,25,786,47.66 , -1
476.6,25,787,47.66 , -1
476.6,25,788,47.66 , -1
476.6,25,789,47.66 , -1
476.6,25,790,47.66 , -1
476.6,25,791,47.66 , -1
476.6,25,792,47.66 , -1
476.6,25,793,47.66 , -1
476.6,25,794,47.66 , -1
476.6,25,795,47.66 , -1
476.6,25,796,47.66 , -1
476.6,25,797,47.66 , -1
476.6,25,798,47.66 , -1
476.6,25,799,47.66 , -1
476.6,25,800,47.66 , -1
476.6,25,801,47.66 , -1
476.6,25,802,47.66 , -1
476.6,25,803,47.66 , -1
476.6,25,804,47.66 , -1
476.6,25,805,47.66 , -1
476.6,25,806,47.66 , -1
476.6,25,807,47.66 , -1
476.6,25,808,47.66 , -1
476.6,25,809,47.66 , -1
476.6,25,810,47.66 , -1
476.6,25,811,47.66 , -1
476.6,25,812,47.66 , -1
476.6,25,813,47.66 , -1
476.6,25,814,47.66 , -1
476.6,25,815,47.66 , -1
476.6,25,816,47.66 , -1
476.6,25,817,47.66 , -1
476.6,25,818,47.66 , -1
476.6,25,819,47.66 , -1
476.6,25,820,47.66 , -1
476.6,25,821,47.66 , -1
476.6,25,822,47.66 , -1
476.6,25,823,47.66 , -1
476.6,25,824,47.66 , -1
476.6,25,825,47.66 , -1
476.6,25,826,47.66 , -1
476.6,25,827,47.66 , -1
476.6,25,828,47.66 , -1
476.6,25,829,47.66 , -1
476.6,25,830,47.66 , -1
476.6,25,831,47.66 , -1
476.6,25,832,47.66 , -1
476.6,25,833,47.66 , -1
476.6,25,834,47.66 , -1
476.6,25,835,47.66 , -1
476.6,25,836,47.66 , -1
476.6,25,837,47.66 , -1
476.6,25,838,47.66 , -1
476.6,25,839,47.66 , -1
476.6,25,840,47.66 , -1
476.6,25,841,47.66 , -1
476.6,25,842,47.66 , -1
476.6,25,843,47.66 , -1
476.6,25,844,47.66 , -1
476.6,25,845,47.66 , -1
476.6,25,846,47.66 , -1
476.6,25,847,47.66 , -1
476.6,25,848,47.66 , -1
476.6,25,849,47.66 , -1
476.6,25,850,47.66 , -1
476.6,25,851,47.66 , -1
476.6,25,852,47.66 , -1
476.6,25,853,47.66 , -1
476.6,25,854,47.66 , -1
476.6,25,855,47.66 , -1
476.6,25,856,47.66 , -1
476.6,25,857,47.66 , -1
476.6,25,858,47.66 , -1
476.6,25,859,47.66 , -1
476.6,25,860,47.66 , -1
476.6,25,861,47.66 , -1
476.6,25,862,47.66 , -1
476.6,25,863,47.66 , -1
476.6,25,864,47.66 , -1
476.6,25,865,47.66 , -1
476.6,25,866,47.66 , -1
476.6,25,867,47.66 , -1
476.6,25,868,47.66 , -1
476.6,25,869,47.66 , -1
476.6,25,870,47.66 , -1
476.6,25,871,47.66 , -1
476.6,25,872,47.66 , -1
476.6,25,873,47.66 , -1
476.6,25,874,47.66 , -1
476.6,25,875,47.66 , -1
476.6,25,876,47.66 , -1
476.6,25,877,47.66 , -1
476.6,25,878,47.66 , -1
476.6,25,879,47.66 , -1
476.6,25,880,47.66 , -1
476.6,25,881,47.66 , -1
476.6,25,882,47.66 , -1
476.6,25,883,47.66 , -1
476.6,25,884,47.66 , -1
476.6,25,885,47.66 , -1
476.6,25,886,47.66 , -1
476.6,25,887,47.66 , -1
476.6,25,888,47.66 , -1
476.6,25,889,47.66 , -1
476.6,25,890,47.66 , -1
476.6,25,891,47.66 , -1
476.6,25,892,47.66 , -1
476.6,25,893,47.66 , -1
476.6,25,894,47.66 , -1
476.6,25,895,47.66 , -1
476.6,25,896,47.66 , -1
476.6,25,897,47.66 , -1
476.6,25,898,47.66 , -1
476.6,25,899,47.66 , -1
476.6,25,900,47.66 , -1
476.6,25,901,47.66 , -1
476.6,25,902,47.66 , -1
476.6,25,903,47.66 , -1
476.6,25,904,47.66 , -1
476.6,25,905,47.66 , -1
476.6,25,906,47.66 , -1
476.6,25,907,47.66 , -1
476.6,25,908,47.66 , -1
476.6,25,909,47.66 , -1
476.6,25,910,47.66 , -1
476.6,25,911,47.66 , -1
476.6,25,912,47.66 , -1
476.6,25,913,47.66 , -1
476.6,25,914,47.66 , -1
476.6,25,915,47.66 , -1
476.6,25,916,47.66 , -1
476.6,25,917,47.66 , -1
476.6,25,918,47.66 , -1
476.6,25,919,47.66 , -1
476.6,25,920,47.66 , -1
476.6,25,921,47.66 , -1
476.6,25,922,47.66 , -1
476.6,25,923,47.66 , -1
476.6,25,924,47.66 , -1
476.6,25,925,47.66 , -1
476.6,25,926,47.66 , -1
476.6,25,927,47.66 , -1
476.6,25,928,47.66 , -1
476.6,25,929,47.66 , -1
476.6,25,930,47.66 , -1
476.6,25,931,47.66 , -1
476.6,25,932,47.66 , -1
476.6,25,933,47.66 , -1
476.6,25,934,47.66 , -1
476.6,25,935,47.66 , -1
476.6,25,936,47.66 , -1
476.6,25,937,47.66 , -1
476.6,25,938,47.66 , -1
476.6,25,939,47.66 , -1
476.6,25,940,47.66 , -1
476.6,25,941,47.66 , -1
476.6,25,942,47.66 , -1
476.6,25,943,47.66 , -1
476.6,25,944,47.66 , -1
476.6,25,945,47.66 , -1
476.6,25,946,47.66 , -1
476.6,25,947,47.66 , -1
476.6,25,948,47.66 , -1
476.6,25,949,47.66 , -1
476.6,25,950,47.66 , -1
476.6,25,951,47.66 , -1
476.6,25,952,47.66 , -1
476.6,25,953,47.66 , -1
476.6,25,954,47.66 , -1
476.6,25,955,47.66 , -1
476.6,25,956,47.66 , -1
476.6,25,957,47.66 , -1
476.6,25,958,47.66 , -1
476.6,25,959,47.66 , -1
476.6,25,960,47.66 , -1
476.6,25,961,47.66 , -1
476.6,25,962,47.66 , -1
476.6,25,963,47.66 , -1
476.6,25,964,47.66 , -1
476.6,25,965,47.66 , -1
476.6,25,966,47.66 , -1
476.6,25,967,47.66 , -1
476.6,25,968,47.66 , -1
476.6,25,969,47.66 , -1
476.6,25,970,47.66 , -1
476.6,25,971,47.66 , -1
476.6,25,972,47.66 , -1
476.6,25,973,47.66 , -1
476.6,25,974,47.66 , -1
476.6,25,975,47.66 , -1
476.6,25,976,47.66 , -1
476.6,25,977,47.66 , -1
476.6,25,978,47.66 , -1
476.6,25,979,47.66 , -1
476.6,25,980,47.66 , -1
476.6,25,981,47.66 , -1
476.6,25,982,47.66 , -1
476.6,25,983,47.66 , -1
476.6,25,984,47.66 , -1
476.6,25,985,47.66 , -1
476.6,25,986,47.66 , -1
476.6,25,987,47.66 , -1
476.6,25,988,47.66 , -1
476.6,25,989,47.66 , -1
476.6,25,990,47.66 , -1
476.6,25,991,47.66 , -1
476.6,25,992,47.66 , -1
476.6,25,993,47.66 , -1
476.6,25,994,47.66 , -1
476.6,25,995,47.66 , -1
476.6,25,996,47.66 , -1
476.6,25,997,47.66 , -1
476.6,25,998,47.66 , -1
476.6,25,999,47.66 , -1
476.6,25,1000,47.66 , -1
